{"range-bearing": {"5": {"(1.0, 1.0)": [{"ape_trans": 10.6230277780616, "ape_rot": 0.512233694310097, "rpe_trans": 0.29695067341538633, "rpe_rot": 0.19415079514682332}], "(2.0, 3.0)": [{"ape_trans": 8.492992473167526, "ape_rot": 0.36400161374503753, "rpe_trans": 0.2809314629345837, "rpe_rot": 0.14642095193637397}], "(3.0, 5.0)": [{"ape_trans": 7.107903732043567, "ape_rot": 0.2887883078594016, "rpe_trans": 0.30780637218984797, "rpe_rot": 0.13529730164346576}], "(4.0, 7.0)": [{"ape_trans": 6.476106047475534, "ape_rot": 0.26451908171938177, "rpe_trans": 0.3551659270736233, "rpe_rot": 0.13108596364164404}], "(5.0, 10.0)": [{"ape_trans": 6.380612665699308, "ape_rot": 0.2751651468316123, "rpe_trans": 0.3552808556292057, "rpe_rot": 0.14043108944236182}]}, "10": {"(1.0, 1.0)": [{"ape_trans": 5.894060147853346, "ape_rot": 1.1745780559041865, "rpe_trans": 1.0420448383959853, "rpe_rot": 0.3770957285575404}], "(2.0, 3.0)": [{"ape_trans": 4.547425218886153, "ape_rot": 1.9173474085108764, "rpe_trans": 0.6674419845830868, "rpe_rot": 0.498951704214765}], "(3.0, 5.0)": [{"ape_trans": 2.0759573217873597, "ape_rot": 0.5898806626370936, "rpe_trans": 0.46041490477353025, "rpe_rot": 0.322558387783383}], "(4.0, 7.0)": [{"ape_trans": 1.554526474012159, "ape_rot": 0.44508716608662735, "rpe_trans": 0.4451797151874403, "rpe_rot": 0.3419445513390538}], "(5.0, 10.0)": [{"ape_trans": 1.1886089203133516, "ape_rot": 0.3104453782107449, "rpe_trans": 0.37744948666873546, "rpe_rot": 0.36405642445192904}]}, "20": {"(1.0, 1.0)": [{"ape_trans": 33.859149272399044, "ape_rot": 2.467187858672021, "rpe_trans": 1.5275453638194278, "rpe_rot": 0.25792648248126265}], "(2.0, 3.0)": [{"ape_trans": 9.314628955544833, "ape_rot": 0.560703843738584, "rpe_trans": 0.650695784499634, "rpe_rot": 0.07719450286951773}], "(3.0, 5.0)": [{"ape_trans": 7.230406313466666, "ape_rot": 0.622243337564996, "rpe_trans": 0.541175817207171, "rpe_rot": 0.08009531860244948}], "(4.0, 7.0)": [{"ape_trans": 5.901473411007055, "ape_rot": 0.8468081831234073, "rpe_trans": 0.5287352029634045, "rpe_rot": 0.08938235500265863}], "(5.0, 10.0)": [{"ape_trans": 6.540359657180207, "ape_rot": 1.7530873768686117, "rpe_trans": 0.5106148279919164, "rpe_rot": 0.12294916381688059}]}, "30": {"(1.0, 1.0)": [{"ape_trans": 2.9475981106187548, "ape_rot": 1.0948947807149931, "rpe_trans": 1.0503505910526572, "rpe_rot": 0.450981777194761}], "(2.0, 3.0)": [{"ape_trans": 13.32422978478885, "ape_rot": 1.8883202341911676, "rpe_trans": 0.9518989566010531, "rpe_rot": 0.42040315590984634}], "(3.0, 5.0)": [{"ape_trans": 1.8388764957527977, "ape_rot": 1.2364284829739844, "rpe_trans": 1.004201234104626, "rpe_rot": 0.6987486975022775}], "(4.0, 7.0)": [{"ape_trans": 1.4196342194005163, "ape_rot": 0.6445044814663907, "rpe_trans": 0.8729088861999534, "rpe_rot": 0.6905110126131718}], "(5.0, 10.0)": [{"ape_trans": 3.3177099883899985, "ape_rot": 2.7466256161248257, "rpe_trans": 0.7742417655018105, "rpe_rot": 0.5837708251413756}]}}}