{"bearing": {"5": {"(1.0, 1.0)": [{"ape_trans": 15.774607897053723, "ape_rot": 1.4765354251953822, "rpe_trans": 0.8695265530108829, "rpe_rot": 0.3402530486577409}], "(2.0, 3.0)": [{"ape_trans": 7.7518330928105925, "ape_rot": 0.9294600995311161, "rpe_trans": 0.2317398724774402, "rpe_rot": 0.0926771380488417}], "(3.0, 5.0)": [{"ape_trans": 10.386998706189125, "ape_rot": 1.2365046718010115, "rpe_trans": 0.36644374243320516, "rpe_rot": 0.11230229387933069}], "(4.0, 7.0)": [{"ape_trans": 13.391247916850737, "ape_rot": 1.5161687474461476, "rpe_trans": 0.39667513783334546, "rpe_rot": 0.12659660837656556}], "(5.0, 10.0)": [{"ape_trans": 15.41446123148632, "ape_rot": 1.59360278295983, "rpe_trans": 0.3607943233336333, "rpe_rot": 0.11996268687506209}]}, "10": {"(1.0, 1.0)": [{"ape_trans": 4.484904562947087, "ape_rot": 1.0998251087859017, "rpe_trans": 0.49855841405981055, "rpe_rot": 0.0870301525924915}], "(2.0, 3.0)": [{"ape_trans": 2.464415384139812, "ape_rot": 0.2634010704796568, "rpe_trans": 0.4066062246432705, "rpe_rot": 0.09869087786751826}], "(3.0, 5.0)": [{"ape_trans": 2.7077691795141563, "ape_rot": 0.15641961240142446, "rpe_trans": 0.44491383630778414, "rpe_rot": 0.11891384010548169}], "(4.0, 7.0)": [{"ape_trans": 4.352826050182233, "ape_rot": 1.3718293422289314, "rpe_trans": 0.42002500376336405, "rpe_rot": 0.15218352203626673}], "(5.0, 10.0)": [{"ape_trans": 4.847996601817234, "ape_rot": 1.6810927453999396, "rpe_trans": 0.37898528762322187, "rpe_rot": 0.2679599810429422}]}, "20": {"(1.0, 1.0)": [{"ape_trans": 6.701880058843657, "ape_rot": 2.783905205839659, "rpe_trans": 0.6701429884667146, "rpe_rot": 0.11735789572857303}], "(2.0, 3.0)": [{"ape_trans": 1.8247165616941183, "ape_rot": 0.2753430763276868, "rpe_trans": 0.2838073211433125, "rpe_rot": 0.048535475455471065}], "(3.0, 5.0)": [{"ape_trans": 1.5774748500128764, "ape_rot": 0.17500305516671813, "rpe_trans": 0.3502949694102167, "rpe_rot": 0.06081013063979295}], "(4.0, 7.0)": [{"ape_trans": 2.039949914096332, "ape_rot": 0.08902705099806445, "rpe_trans": 0.33846560447632623, "rpe_rot": 0.06649754541633378}], "(5.0, 10.0)": [{"ape_trans": 1.5504228660260462, "ape_rot": 0.2661446200202175, "rpe_trans": 0.36428405483345466, "rpe_rot": 0.08927652844271056}]}, "30": {"(1.0, 1.0)": [{"ape_trans": 5.079119316987618, "ape_rot": 1.999415922303389, "rpe_trans": 0.4630282311007707, "rpe_rot": 0.08321358717188886}], "(2.0, 3.0)": [{"ape_trans": 0.9195286879753704, "ape_rot": 0.13980450230684477, "rpe_trans": 0.23482122048111922, "rpe_rot": 0.07063722130198091}], "(3.0, 5.0)": [{"ape_trans": 3.3173430718061288, "ape_rot": 1.0000442924450317, "rpe_trans": 0.25493473899767477, "rpe_rot": 0.1127069708517571}], "(4.0, 7.0)": [{"ape_trans": 3.207746752041551, "ape_rot": 1.9999942805248838, "rpe_trans": 0.4907639780983272, "rpe_rot": 0.28492407520219293}], "(5.0, 10.0)": [{"ape_trans": 2.788779314436399, "ape_rot": 1.8281896652732537, "rpe_trans": 0.8113320108293472, "rpe_rot": 0.5311712588687858}]}}}